Model,Dataset,MAE,RMSE,R²
XGBRegressor,Test,0.851563553059878,1.1685123100206618,0.49232311857608724
Neural Network,Test,0.9011055335932928,1.2153767429442521,0.45078467605721295
Ridge,Test,1.0393042194459245,1.3516721242289447,0.3206970231346743
LinearRegression,Test,1.039305366417275,1.3516719107307837,0.3206972377280246
